date,equity,cash,positions
2026-06-03,101390.45,-6044.10,AMD:4.084203002;ARM:5.150764242;DELL:4.494;DIA:13.057301257;INTC:18.641219239;MRVL:9.930628662;QQQ:9.040050996;SPY:8.817231754;VOO:54.704106462;VTI:102.203664267
2026-06-04,100186.27,12902.60,AMD:4.084203002;ARM:5.150764242;DELL:4.494;MRVL:9.930628662;MU:3;VOO:54.704106462;VTI:102.203664267
2026-06-05,100701.31,12902.60,AMD:4.084203002;ARM:5.150764242;DELL:4.494;MRVL:9.930628662;MU:3;VOO:54.704106462;VTI:102.203664267
2026-06-06,97794.38,4903.70,AMD:4.084203002;ARM:5.150764242;DELL:4.494;MRVL:9.930628662;MU:3;VOO:60.61188808;VTI:113.225380032
2026-06-09,99425.72,4903.69,AMD:4.084203002;ARM:5.150764242;DELL:4.494;MRVL:9.930628662;MU:3;VOO:60.61188808;VTI:113.225380032
2026-06-10,96683.35,4903.69,AMD:4.084203002;ARM:5.150764242;DELL:4.494;MRVL:9.930628662;MU:3;VOO:60.61188808;VTI:113.225380032
2026-06-11,96683.84,4903.69,AMD:4.084203002;ARM:5.150764242;DELL:4.494;MRVL:9.930628662;MU:3;VOO:60.61188808;VTI:113.225380032
2026-06-12,99102.35,4903.69,AMD:4.084203002;ARM:5.150764242;DELL:4.494;MRVL:9.930628662;MU:3;VOO:60.61188808;VTI:113.225380032
2026-06-13,99270.15,4903.69,AMD:4.084203002;ARM:5.150764242;DELL:4.494;MRVL:9.930628662;MU:3;VOO:60.61188808;VTI:113.225380032
2026-06-16,101168.07,4903.69,AMD:4.084203002;ARM:5.150764242;DELL:4.494;MRVL:9.930628662;MU:3;VOO:60.61188808;VTI:113.225380032
2026-06-17,100804.75,4903.69,AMD:4.084203002;ARM:5.150764242;DELL:4.494;MRVL:9.930628662;MU:3;VOO:60.61188808;VTI:113.225380032
2026-06-18,100913.82,4903.69,AMD:4.084203002;ARM:5.150764242;DELL:4.494;MRVL:9.930628662;MU:3;VOO:60.61188808;VTI:113.225380032
2026-06-19,101288.40,4903.69,AMD:4.084203002;ARM:5.150764242;DELL:4.494;MRVL:9.930628662;MU:3;VOO:60.61188808;VTI:113.225380032
2026-06-20,101288.40,4903.69,AMD:4.084203002;ARM:5.150764242;DELL:4.494;MRVL:9.930628662;MU:3;VOO:60.61188808;VTI:113.225380032
2026-06-23,98944.16,4903.69,AMD:4.084203002;ARM:5.150764242;DELL:4.494;MRVL:9.930628662;MU:3;VOO:60.61188808;VTI:113.225380032
2026-06-24,99919.06,35911.60,AMAT:15;ARM:5.150764242;DELL:4.494;HOOD:90;LRCX:23;MRVL:9.930628662;MU:3;SNOW:42;STX:8;WDC:13
2026-06-25,99678.90,21327.01,AMAT:15;DELL:4.494;HOOD:90;HPE:190;MRNA:152;MRVL:9.930628662;OKTA:78;SNOW:42;STX:8;WDC:13
2026-06-26,96750.26,19534.60,AMAT:15;ARM:26;DELL:4.494;DLTR:79;HPE:190;MRNA:152;MRVL:9.930628662;OKTA:78;SNOW:42;WDC:13
2026-06-27,97977.81,21555.90,AMAT:15;DELL:4.494;GLW:41;LRCX:23;MRNA:152;MRVL:9.930628662;MU:7;OKTA:78;TER:20;WDC:14
2026-06-30,103987.21,13178.41,ABBV:39;ALL:41;AMAT:15;GLW:41;LRCX:23;MRNA:152;MRVL:9.930628662;MU:7;PGR:44;TER:20
2026-07-01,103720.91,10754.00,ABBV:39;AMAT:15;CAT:9;GLW:41;INTC:77;LRCX:23;MRNA:152;MRVL:9.930628662;TER:20;WDC:15
2026-07-01,98995.42,5163.12,AMAT:15;DAL:102;GE:25;GLW:37;INTC:77;LRCX:23;MRNA:152;PH:9;SHW:27;TER:20
2026-07-02,96954.15,1213.68,AFRM:111;AMAT:14;DAL:102;GE:25;HOOD:85;KMB:83;MRNA:152;PANW:26;SHW:27;USB:150
2026-07-03,96996.42,1213.63,AFRM:111;AMAT:14;DAL:102;GE:25;HOOD:85;KMB:83;MRNA:152;PANW:26;SHW:27;USB:150
2026-07-06,97880.73,1067.56,AFRM:111;ALL:38;AMAT:14;HOOD:85;KMB:83;MRNA:152;PANW:26;PGR:41;TTWO:37;VRTX:18
2026-07-07,95734.30,2873.27,AFRM:112;AMAT:14;AMD:17;HOOD:85;INTC:76;MRNA:153;OKTA:63;PANW:26;TTWO:37;VRTX:18
2026-07-08,93163.74,1059.23,AFRM:112;ALL:35;HOOD:85;KMB:78;MRNA:153;OKTA:63;PANW:26;PGR:38;TTWO:37;VRTX:18
2026-07-09,94291.86,319.41,AFRM:112;ALL:35;ANET:50;HOOD:85;MRNA:153;NET:33;OKTA:63;PANW:26;PGR:38;TTWO:37
2026-07-10,91564.51,11231.49,AFRM:112;AMD:16;ANET:50;DELL:19;HOOD:85;MRNA:1;NET:33;OKTA:63;PANW:26;ROKU:63
2026-07-13,90921.97,10816.95,AFRM:112;ANET:50;HOOD:85;META:13;MRNA:1;NET:33;OKTA:63;PANW:26;ROKU:63;SCHW:86
2026-07-14,93378.39,10734.29,AFRM:112;ALL:35;GTLB:270;HOOD:85;META:13;MRNA:1;NET:33;OKTA:63;PANW:26;SNOW:33
2026-07-15,92512.59,11191.32,AFRM:112;DDOG:33;HOOD:85;MPC:29;MRNA:1;NET:33;OKTA:63;PANW:26;PSX:44;VLO:29
2026-07-16,91911.37,10910.19,DDOG:33;DLTR:71;HOOD:85;MPC:29;MRNA:1;NET:33;OKTA:63;PANW:26;PYPL:163;VLO:29
2026-07-17,92283.25,2070.14,DLTR:71;META:13;MPC:29;NET:33;OKTA:63;PANW:26;PSX:44;PYPL:163;TMO:16;VLO:29
2026-07-20,91737.73,1283.19,ABBV:35;MPC:29;NET:33;OKTA:63;PANW:26;PSX:44;PYPL:163;TRV:24;UNP:29;VLO:29
2026-07-21,90614.72,1487.95,DDOG:33;GTLB:258;MPC:29;NET:33;OKTA:63;PANW:26;PSX:44;PYPL:163;SNOW:32;VLO:29
2026-07-22,88956.96,1275.60,ELF:108;GTLB:258;MPC:29;NET:33;OKTA:61;PANW:26;PSX:44;PYPL:163;SNOW:32;VLO:29
2026-07-23,86859.69,8649.59,JD:281;MPC:29;NET:33;PANW:26;PSX:44;PYPL:163;SNOW:32;TRV:22;VLO:29
2026-07-24,87385.82,8618.90,AAPL:26;JD:281;MPC:29;NET:33;PSX:44;PYPL:163;SNOW:32;TRV:22;VLO:29
2026-07-27,87811.71,1075.54,AAPL:26;JD:281;LMT:14;MPC:29;OXY:148;PSX:44;PYPL:163;TRV:22;VLO:29;XOM:54
2026-07-28,88375.58,-325.33,AAPL:26;ELF:102;HPQ:323;JD:281;MPC:29;PSX:44;PYPL:163;ROST:35;RTX:39;TRV:22
2026-07-29,88197.15,31.63,DOCU:153;HPQ:323;JD:281;MCK:9;MPC:29;NUE:32;PSX:44;PYPL:163;ROST:35;TRV:22
2026-07-30,87171.97,2099.97,DOCU:153;GM:93;HPQ:294;JD:281;NUE:32;OXY:149;PSX:44;PYPL:163;ROST:35;WDAY:49
2026-07-31,87794.07,1836.66,GM:93;HPQ:294;ICE:54;JD:281;MPC:26;NET:29;PSX:44;PYPL:163;ROST:35;VLO:27
2026-08-03,87281.81,1022.59,CVX:43;HPQ:294;JD:281;MPC:26;MSFT:18;OXY:149;PSX:44;PYPL:163;REGN:11;ROST:35
2026-08-04,87992.86,827.57,AMZN:29;DOCU:154;DXCM:97;HPQ:294;JD:281;MSFT:18;PYPL:163;ROST:35;SNOW:27;TGT:56
2026-08-05,86199.12,1679.26,DOCU:154;HPQ:294;MSFT:18;NUE:30;PATH:602;PLTR:52;PYPL:163;SNOW:27;TEAM:76;WDAY:49
2026-08-07,90170.55,9961.79,DOCU:154;HPQ:294;MSFT:18;NUE:30;PLTR:52;PYPL:163;SNOW:27;TEAM:76;WDAY:49
2026-08-07,92519.46,-1484.37,ELF:96;MSFT:18;PATH:637;PLTR:52;PYPL:163;SHOP:60;SNOW:27;TEAM:76;U:218;WDAY:49
2026-08-10,93356.80,7708.19,ELF:96;MSFT:18;PATH:637;PLTR:52;PYPL:163;SNOW:27;TEAM:76;U:218;WDAY:49
2026-08-11,93772.88,-1195.92,ABNB:49;ELF:96;MSFT:18;NEM:77;PATH:637;PLTR:52;PYPL:163;TEAM:76;U:218;WDAY:49
2026-08-12,92351.84,-69.38,ABNB:49;ELF:96;GTLB:212;MDB:20;MSFT:18;PATH:637;PLTR:52;TEAM:76;U:218;WDAY:49
2026-08-13,95593.79,-2028.15,GTLB:212;HPE:155;MDB:20;NEM:77;NTAP:45;PATH:637;PLTR:52;SMCI:242;TEAM:76;U:218
2026-08-14,94892.30,-1400.30,GTLB:212;HPE:155;MDB:20;PATH:637;PLTR:52;SHOP:58;SMCI:242;TEAM:76;U:218;WDAY:44
2026-08-17,92626.78,-1502.21,DELL:18;HPE:155;MDB:20;NEM:77;PATH:637;PLTR:52;SMCI:242;TEAM:76;U:218;WDAY:44
2026-08-18,92338.94,-2078.15,ABNB:50;MDB:20;NEM:77;PATH:637;PLTR:52;SMCI:242;TEAM:76;U:218;WDAY:44;ZS:48
2026-08-19,94602.50,-1842.28,ABNB:50;GTLB:220;MDB:20;PATH:637;PLTR:52;TEAM:76;TWLO:39;U:218;WDAY:44;ZS:48
2026-08-20,93057.06,6600.75,ABNB:50;GTLB:220;MDB:20;PATH:637;PLTR:52;TEAM:76;U:218;WDAY:44;ZS:48
2026-08-21,93908.88,-3849.17,ABNB:50;GTLB:220;MDB:20;MRNA:67;NEM:70;PATH:637;PLTR:52;TEAM:76;U:218;WDAY:44
2026-08-24,92914.02,-3183.31,ABNB:50;GTLB:220;MDB:20;MRNA:61;NEM:70;PATH:637;PLTR:52;TEAM:76;U:218;WDAY:44
2026-08-25,92864.57,-3449.77,ELF:85;GTLB:220;MDB:20;MRNA:61;MRVL:39;NEM:70;PATH:637;PLTR:52;TEAM:76;U:218
2026-08-27,93471.26,-4101.82,ELF:85;FCX:112;MRNA:61;MRVL:39;NEM:70;PATH:637;PLTR:52;SMCI:232;TEAM:76;U:218
2026-08-28,93842.93,-4102.23,ELF:85;FCX:112;MRNA:61;MRVL:39;NEM:70;PATH:637;PLTR:52;SMCI:232;TEAM:76;U:218
2026-08-29,92897.15,-4102.23,ELF:85;FCX:112;MRNA:61;MRVL:39;NEM:70;PATH:637;PLTR:52;SMCI:232;TEAM:76;U:218
2026-09-01,93103.75,3901.53,CRM:35;GTLB:200;MRNA:61;NEM:70;PATH:637;PLTR:52;SHOP:58;SMCI:232;TEAM:76
2026-09-01,92881.24,4214.70,ABNB:48;CRM:35;ELF:81;GTLB:200;MRNA:61;NEM:70;PATH:637;TEAM:76;TWLO:37
2026-09-02,92670.25,-5561.32,CRM:35;ELF:81;GTLB:200;MPC:23;MRNA:61;PATH:637;PSX:35;SMCI:244;TEAM:76;VLO:24
